-- ============================================================
-- SMARTEXAM - DATA SEED
-- File ini berisi semua data dari spreadsheet
-- Jalankan SETELAH 01_schema.sql
-- ============================================================

-- PENGATURAN
INSERT INTO pengaturan (key, value, deskripsi) VALUES ('namaSekolah', 'MTS ALKHAIRAAT TATAKALAI', 'Nama Sekolah') ON CONFLICT (key) DO UPDATE SET value = EXCLUDED.value;
INSERT INTO pengaturan (key, value, deskripsi) VALUES ('npsn', 70027261, 'NPSN') ON CONFLICT (key) DO UPDATE SET value = EXCLUDED.value;
INSERT INTO pengaturan (key, value, deskripsi) VALUES ('namaKepsek', 'ERNA, S.Pd', 'Nama Kepala Sekolah') ON CONFLICT (key) DO UPDATE SET value = EXCLUDED.value;
INSERT INTO pengaturan (key, value, deskripsi) VALUES ('nipKepsek', NULL, 'NIP Kepala Sekolah') ON CONFLICT (key) DO UPDATE SET value = EXCLUDED.value;
INSERT INTO pengaturan (key, value, deskripsi) VALUES ('alamat', 'Jl. Trans Peling, Desa Tatakalai, Kec. Tinangkung Utara', 'Alamat Sekolah') ON CONFLICT (key) DO UPDATE SET value = EXCLUDED.value;
INSERT INTO pengaturan (key, value, deskripsi) VALUES ('kota', 'Banggai Kepulauan', 'Kota/Kabupaten') ON CONFLICT (key) DO UPDATE SET value = EXCLUDED.value;
INSERT INTO pengaturan (key, value, deskripsi) VALUES ('tahunAjaran', '2025/2026', 'Tahun Ajaran') ON CONFLICT (key) DO UPDATE SET value = EXCLUDED.value;
INSERT INTO pengaturan (key, value, deskripsi) VALUES ('jumlahOpsi', 4, NULL) ON CONFLICT (key) DO UPDATE SET value = EXCLUDED.value;
INSERT INTO pengaturan (key, value, deskripsi) VALUES ('logoUrl', 'https://drive.google.com/uc?export=view&id=1djhUni-Uv7VRxQus-e4zURcN6XxosPL7', 'URL Logo Sekolah') ON CONFLICT (key) DO UPDATE SET value = EXCLUDED.value;
INSERT INTO pengaturan (key, value, deskripsi) VALUES ('batasPelanggaran', 3, NULL) ON CONFLICT (key) DO UPDATE SET value = EXCLUDED.value;
INSERT INTO pengaturan (key, value, deskripsi) VALUES ('maintenanceAktif', FALSE, NULL) ON CONFLICT (key) DO UPDATE SET value = EXCLUDED.value;
INSERT INTO pengaturan (key, value, deskripsi) VALUES ('maintenancePesan', 'Sedang migrasi data ke Firebase Firestore Google demi kelancaran Proses Ujian', NULL) ON CONFLICT (key) DO UPDATE SET value = EXCLUDED.value;
INSERT INTO pengaturan (key, value, deskripsi) VALUES ('maintenanceMulai', NULL, NULL) ON CONFLICT (key) DO UPDATE SET value = EXCLUDED.value;
INSERT INTO pengaturan (key, value, deskripsi) VALUES ('maintenanceSelesai', NULL, NULL) ON CONFLICT (key) DO UPDATE SET value = EXCLUDED.value;

-- USERS (password di-hash dengan bcrypt)
INSERT INTO users (username, password_hash, nama, role, status, is_tester) VALUES ('admin', '$2b$12$tgjUNIm7Zsg21ZMgdZmCx.ukUhYGAjCPAvM3g7szHX2KjIv58V8Du', 'Administrator', 'ADMIN', 'AKTIF', 'NO') ON CONFLICT (username) DO NOTHING;
INSERT INTO users (username, password_hash, nama, role, status, is_tester) VALUES ('yadi001', '$2b$12$beVGjgS1.tDzvvX7/qdb1OL5it1x7DWnc9XthUKVqQlEogRV2r8wq', 'HARIADI', 'GURU', 'AKTIF', 'NO') ON CONFLICT (username) DO NOTHING;
INSERT INTO users (username, password_hash, nama, role, status, is_tester) VALUES ('sulfa001', '$2b$12$46yaN6CxUI.LqIfGch/EBOOy6SEFMjf4JECLd31A6oPtK18UR7CC6', 'SITI SULFA', 'GURU', 'AKTIF', 'NO') ON CONFLICT (username) DO NOTHING;
INSERT INTO users (username, password_hash, nama, role, status, is_tester) VALUES ('aco001', '$2b$12$LjVgVYH/0IIVT4XA2BSHw.Z1BTEhVpIylAzKi1z5suA5lOVWN.fj6', 'DZUHDY YABIY', 'GURU', 'AKTIF', 'NO') ON CONFLICT (username) DO NOTHING;
INSERT INTO users (username, password_hash, nama, role, status, is_tester) VALUES ('farah001', '$2b$12$NVXhF9B3Sw5IC4AMJRoNWugxFgyjAxUcbE94IzBoOdrx2S627I.7e', 'FARADINA J. YALAMI', 'GURU', 'AKTIF', 'NO') ON CONFLICT (username) DO NOTHING;
INSERT INTO users (username, password_hash, nama, role, status, is_tester) VALUES ('hijrah001', '$2b$12$906pT4yDHVpWvxPG2XSZiOyWvjgKvTIh4YAKw/EWVbmu4Lfl5KRZC', 'HIJRAH S. BAHRUDIN', 'GURU', 'AKTIF', 'NO') ON CONFLICT (username) DO NOTHING;
INSERT INTO users (username, password_hash, nama, role, status, is_tester) VALUES ('santi001', '$2b$12$ZMKW037p.l0n0ijqgtz7BeiOIbspMirJNGaFmq/QF84Kwq6nqa2Dy', 'SUSANTI SIPATAN', 'GURU', 'AKTIF', 'NO') ON CONFLICT (username) DO NOTHING;
INSERT INTO users (username, password_hash, nama, role, status, is_tester) VALUES ('rohana001', '$2b$12$iC8EkahbCjor7NYPA/E6vufNti7acuSrvMpPd0pLo07z/NJ.KJOhO', 'ROHANA L. LASALE', 'GURU', 'AKTIF', 'NO') ON CONFLICT (username) DO NOTHING;
INSERT INTO users (username, password_hash, nama, role, status, is_tester) VALUES ('lutfiah001', '$2b$12$p02cVDCWtpwxsAtrrQov8OUHogILD7ajzCSxdkPiYr86OfDFAhfiW', 'LUTFIAH YAHYA H. NASIEF', 'GURU', 'AKTIF', 'NO') ON CONFLICT (username) DO NOTHING;
INSERT INTO users (username, password_hash, nama, role, status, is_tester) VALUES ('yanti001', '$2b$12$Os3ZlEHhl2VwNGrcqJrMB.UaHpyBanhcdOOhrMKFPCCbSNeL1aw6S', 'NURHAYANTI H. MATUGES', 'GURU', 'AKTIF', 'NO') ON CONFLICT (username) DO NOTHING;
INSERT INTO users (username, password_hash, nama, role, status, is_tester) VALUES ('firah001', '$2b$12$dQjTPNqyJQawHHOaULDIdewt/A5dBoubQ5imJ9S3gU7kCNO1qAQPe', 'NURWAHYU MAGFIRAH', 'GURU', 'AKTIF', 'NO') ON CONFLICT (username) DO NOTHING;
INSERT INTO users (username, password_hash, nama, role, status, is_tester) VALUES ('fadilah001', '$2b$12$2d6d7aEWtZT4bKqirU.VseW.vUr1FdGgHKPRkellVfEDWClaD/XHu', 'SITI FADILA KASIANG', 'GURU', 'AKTIF', 'NO') ON CONFLICT (username) DO NOTHING;
INSERT INTO users (username, password_hash, nama, role, status, is_tester) VALUES ('hairul001', '$2b$12$xjvroMtyx3NfDQuod6AQ3eMXW/Jr280vL1hnlMns70yw6hE.vyMHq', 'KHAIRUL H. SADILI', 'GURU', 'AKTIF', 'NO') ON CONFLICT (username) DO NOTHING;
INSERT INTO users (username, password_hash, nama, role, status, is_tester) VALUES ('sahida001', '$2b$12$hHr486XFFpR6Bvnyb6x02Onm0fRj.UxnquX/6zA.FBox9RnKcRjYi', 'SAHIDA SITTA', 'GURU', 'AKTIF', 'NO') ON CONFLICT (username) DO NOTHING;
INSERT INTO users (username, password_hash, nama, role, status, is_tester) VALUES ('erna001', '$2b$12$GwhyXuar7RK1F7veOaV7KuzRdCrDRiS6nra4MAM/mprkE/BU6gWmy', 'ERNA, S.Pd', 'KEPSEK', 'AKTIF', 'NO') ON CONFLICT (username) DO NOTHING;
INSERT INTO users (username, password_hash, nama, role, status, is_tester) VALUES ('nurhaida001', '$2b$12$WwlKumVoZiPt6dGpoqS2K.B3M/R6XLeR2pmqfM7m4HbzYyeo8M8FS', 'NURHAIDA A. TUOS', 'GURU', 'AKTIF', 'NO') ON CONFLICT (username) DO NOTHING;
INSERT INTO users (username, password_hash, nama, role, status, is_tester) VALUES ('sarah001', '$2b$12$5CWdc1.ggRbasuFufk/XC.LLrgRoJDmnbWzisuruVWwrwnE2pZ24G', 'MAYASARA  A. POTOI', 'GURU', 'AKTIF', 'NO') ON CONFLICT (username) DO NOTHING;
INSERT INTO users (username, password_hash, nama, role, status, is_tester) VALUES ('ika001', '$2b$12$CFqQ0NTveev9VGTW1xlVYOZyg7LXWZqB/Xl/WswjvA5IlIok8x0Yq', 'IKA DEWI FITRIANI', 'GURU', 'AKTIF', 'NO') ON CONFLICT (username) DO NOTHING;
INSERT INTO users (username, password_hash, nama, role, status, is_tester) VALUES ('rahmi001', '$2b$12$ozQkUndD/wYeWlayvFXeLuCnPTcDkVnvIJVfhnFFitXF9jHtWNMp2', 'SITI RAHMI YASENG', 'GURU', 'AKTIF', 'NO') ON CONFLICT (username) DO NOTHING;
INSERT INTO users (username, password_hash, nama, role, status, is_tester) VALUES ('rizal001', '$2b$12$5.Tm2emk/GqUytbe8PdDP.ShZkvL7YEg3S.a7mf9ad5y/Vf8UmB66', 'RIZAL PARMAN', 'GURU', 'AKTIF', 'NO') ON CONFLICT (username) DO NOTHING;
INSERT INTO users (username, password_hash, nama, role, status, is_tester) VALUES ('selfi001', '$2b$12$CW3uThaWG23VA4zxcLkQMeX3sTaFugrfEQagl9H87azXuf7t/zy3e', 'SELFI', 'GURU', 'AKTIF', 'NO') ON CONFLICT (username) DO NOTHING;
INSERT INTO users (username, password_hash, nama, role, status, is_tester) VALUES ('sahidah001', '$2b$12$CJlOI16KMsGc7HcmjadLPeAjDr1E7/1X0rxskuO2OiBFtAvbbehwe', 'SAHIDAH', 'GURU', 'AKTIF', 'NO') ON CONFLICT (username) DO NOTHING;
INSERT INTO users (username, password_hash, nama, role, status, is_tester) VALUES ('aldi001', '$2b$12$7tsPK9yaeX9H/haaC0gt/.eGSUNdPmsxMK/06DXq1/VXcAm3mHhJy', 'ALDI SULE', 'GURU', 'AKTIF', 'NO') ON CONFLICT (username) DO NOTHING;
INSERT INTO users (username, password_hash, nama, role, status, is_tester) VALUES ('arto001', '$2b$12$ze1.UBBOM1TyNFETzey4kOXUKTOwebuF3wZDgMPU7YHIYTw6cmMG6', 'ARTO LESAN', 'GURU', 'AKTIF', 'NO') ON CONFLICT (username) DO NOTHING;
INSERT INTO users (username, password_hash, nama, role, status, is_tester) VALUES ('asrida001', '$2b$12$mPL3hxPAllCGsIYg9nndWOLvx1gAsDm8MiE0hMANkAsx6GcOLYz4W', 'ASRIDA H. GUSTI', 'GURU', 'AKTIF', 'NO') ON CONFLICT (username) DO NOTHING;
INSERT INTO users (username, password_hash, nama, role, status, is_tester) VALUES ('asnawi001', '$2b$12$f.l4/duqn7sOAxVJNEySqemDUa23dtB5K0AwbqlcRUspC1/goVbxS', 'MOH. ASNAWI A. YABIY', 'GURU', 'AKTIF', 'NO') ON CONFLICT (username) DO NOTHING;
INSERT INTO users (username, password_hash, nama, role, status, is_tester) VALUES ('tuti001', '$2b$12$jjOE7iIdROusZ80ceQzFP.RoNxBzpUdMsBzackAy2Xu/GGuCLEpgO', 'ASTUTI', 'GURU', 'AKTIF', 'NO') ON CONFLICT (username) DO NOTHING;
INSERT INTO users (username, password_hash, nama, role, status, is_tester) VALUES ('tesguru', '$2b$12$yffpITNa8g1LjnPWknK8ZuxxX2PkUV6R1bcsz759JpF95dYB1WGN2', 'GURUCOBA', 'GURU', 'AKTIF', 'YES') ON CONFLICT (username) DO NOTHING;
INSERT INTO users (username, password_hash, nama, role, status, is_tester) VALUES ('gurutes1', '$2b$12$m/iPovyXVaqT0nvQDKHqKeO.4Ru7WXAlglWYAZd2x6vaaqjmup1BG', 'GURU DUMMY', 'GURU', 'AKTIF', 'YES') ON CONFLICT (username) DO NOTHING;
INSERT INTO users (username, password_hash, nama, role, status, is_tester) VALUES ('Karno', '$2b$12$.7oTJUDHJYz4QXLgLZrMqOjimmNQ4r91yKBcQ3f.TIRFqZHPr/LR2', 'SUKARNO H. MUDADI', 'GURU', 'AKTIF', 'NO') ON CONFLICT (username) DO NOTHING;
INSERT INTO users (username, password_hash, nama, role, status, is_tester) VALUES ('meisin001', '$2b$12$cGYMdqm8x3v88PhRiBPjKOcupsg9qLVoT0Ab4b94Vy9oqbiZORlru', 'MEISIN TALIB', 'GURU', 'AKTIF', 'NO') ON CONFLICT (username) DO NOTHING;

-- KELAS
INSERT INTO kelas (id, nama, jurusan, wali_kelas, jumlah) VALUES ('KLS_1774678349870', '12', '-', 'aldi001', 17) ON CONFLICT (id) DO NOTHING;
INSERT INTO kelas (id, nama, jurusan, wali_kelas, jumlah) VALUES ('KLS_1774678464385', '11', '-', 'santi001', 9) ON CONFLICT (id) DO NOTHING;
INSERT INTO kelas (id, nama, jurusan, wali_kelas, jumlah) VALUES ('KLS_1774678931106', '10', '-', 'sulfa001', 10) ON CONFLICT (id) DO NOTHING;
INSERT INTO kelas (id, nama, jurusan, wali_kelas, jumlah) VALUES ('KLS_1774688089286', '7', '-', 'hairul001', 20) ON CONFLICT (id) DO NOTHING;
INSERT INTO kelas (id, nama, jurusan, wali_kelas, jumlah) VALUES ('KLS_1774688111783', '8', '-', 'asnawi001', 36) ON CONFLICT (id) DO NOTHING;
INSERT INTO kelas (id, nama, jurusan, wali_kelas, jumlah) VALUES ('KLS_1774688141018', '9', '-', 'yadi001', 29) ON CONFLICT (id) DO NOTHING;
INSERT INTO kelas (id, nama, jurusan, wali_kelas, jumlah) VALUES ('KLS_1775775641245', 'KELAS TESTER', '-', 'gurutes1', 1) ON CONFLICT (id) DO NOTHING;

-- MAPEL
INSERT INTO mapel (id, nama, guru_id, kelas_list, jumlah_opsi, kkm) VALUES ('MPL_1774677098386', 'BIOLOGI', 'tuti001', '10,11,12', 4, 75) ON CONFLICT (id) DO NOTHING;
INSERT INTO mapel (id, nama, guru_id, kelas_list, jumlah_opsi, kkm) VALUES ('MPL_1774677158433', 'MATEMATIKA', 'farah001', '10,11,12', 4, 75) ON CONFLICT (id) DO NOTHING;
INSERT INTO mapel (id, nama, guru_id, kelas_list, jumlah_opsi, kkm) VALUES ('MPL_1774677178843', 'FIQIH', 'aco001', '12,11,10,7,8,9', 4, 75) ON CONFLICT (id) DO NOTHING;
INSERT INTO mapel (id, nama, guru_id, kelas_list, jumlah_opsi, kkm) VALUES ('MPL_1774677203314', 'BAHASA INDONESIA', 'asrida001', '10,11,12', 4, 75) ON CONFLICT (id) DO NOTHING;
INSERT INTO mapel (id, nama, guru_id, kelas_list, jumlah_opsi, kkm) VALUES ('MPL_1774677225631', 'EKONOMI', 'arto001', '10,11,12', 4, 75) ON CONFLICT (id) DO NOTHING;
INSERT INTO mapel (id, nama, guru_id, kelas_list, jumlah_opsi, kkm) VALUES ('MPL_1774680611983', 'GEOGRAFI', 'rohana001', '12', 4, 75) ON CONFLICT (id) DO NOTHING;
INSERT INTO mapel (id, nama, guru_id, kelas_list, jumlah_opsi, kkm) VALUES ('MPL_1774680628383', 'SOSIOLOGI', 'rohana001', '12,11,10', 4, 75) ON CONFLICT (id) DO NOTHING;
INSERT INTO mapel (id, nama, guru_id, kelas_list, jumlah_opsi, kkm) VALUES ('MPL_1774680662867', 'SEJARAH INDONESIA', 'rohana001', '12', 4, 75) ON CONFLICT (id) DO NOTHING;
INSERT INTO mapel (id, nama, guru_id, kelas_list, jumlah_opsi, kkm) VALUES ('MPL_1774680678071', 'INFORMATIKA', 'asnawi001', '12,11,10,9', 4, 75) ON CONFLICT (id) DO NOTHING;
INSERT INTO mapel (id, nama, guru_id, kelas_list, jumlah_opsi, kkm) VALUES ('MPL_1774680696648', 'KIMIA', 'yadi001', '12,11,10', 4, 75) ON CONFLICT (id) DO NOTHING;
INSERT INTO mapel (id, nama, guru_id, kelas_list, jumlah_opsi, kkm) VALUES ('MPL_1774680713700', 'FISIKA', 'yadi001', '12,11,10', 4, 75) ON CONFLICT (id) DO NOTHING;
INSERT INTO mapel (id, nama, guru_id, kelas_list, jumlah_opsi, kkm) VALUES ('MPL_1774680736534', 'ILMU TAFSIR', 'firah001', '12,11,10', 4, 75) ON CONFLICT (id) DO NOTHING;
INSERT INTO mapel (id, nama, guru_id, kelas_list, jumlah_opsi, kkm) VALUES ('MPL_1774680773361', 'BAHASA INGGRIS', 'sahida001', '12,11,10,7,8,9', 4, 75) ON CONFLICT (id) DO NOTHING;
INSERT INTO mapel (id, nama, guru_id, kelas_list, jumlah_opsi, kkm) VALUES ('MPL_1774680817018', 'PJOK', 'lutfiah001', '12,11,10,7,8,9', 4, 75) ON CONFLICT (id) DO NOTHING;
INSERT INTO mapel (id, nama, guru_id, kelas_list, jumlah_opsi, kkm) VALUES ('MPL_1774680831734', 'MAHFUDZAT', 'aco001', '12,11,10', 4, 75) ON CONFLICT (id) DO NOTHING;
INSERT INTO mapel (id, nama, guru_id, kelas_list, jumlah_opsi, kkm) VALUES ('MPL_1774680858007', 'QAWAID', 'asnawi001', '12,11,10', 4, 75) ON CONFLICT (id) DO NOTHING;
INSERT INTO mapel (id, nama, guru_id, kelas_list, jumlah_opsi, kkm) VALUES ('MPL_1774680873966', 'AKIDAH AKHLAK', 'sahidah001', '12,11,10', 4, 75) ON CONFLICT (id) DO NOTHING;
INSERT INTO mapel (id, nama, guru_id, kelas_list, jumlah_opsi, kkm) VALUES ('MPL_1774680890794', 'BAHASA DAN SASTRA', 'sahidah001', '12,11,10', 4, 75) ON CONFLICT (id) DO NOTHING;
INSERT INTO mapel (id, nama, guru_id, kelas_list, jumlah_opsi, kkm) VALUES ('MPL_1774680913577', 'SEJARAH KEBUDAYAAN ISLAM', 'asnawi001', '12,11,10', 4, 75) ON CONFLICT (id) DO NOTHING;
INSERT INTO mapel (id, nama, guru_id, kelas_list, jumlah_opsi, kkm) VALUES ('MPL_1774680933499', 'PRAKARYA DAN KEWIRAUSAHAAN', 'selfi001', '12,11,10', 4, 75) ON CONFLICT (id) DO NOTHING;
INSERT INTO mapel (id, nama, guru_id, kelas_list, jumlah_opsi, kkm) VALUES ('MPL_1774680955360', 'SENI BUDAYA', 'aldi001', '12,11,10', 4, 75) ON CONFLICT (id) DO NOTHING;
INSERT INTO mapel (id, nama, guru_id, kelas_list, jumlah_opsi, kkm) VALUES ('MPL_1774681000828', 'PENDIDIKAN PANCASILA DAN KEWARGANEGARAAN', 'sulfa001', '12,11,10,7,8,9', 4, 75) ON CONFLICT (id) DO NOTHING;
INSERT INTO mapel (id, nama, guru_id, kelas_list, jumlah_opsi, kkm) VALUES ('MPL_1774681018373', 'KEALKHAIRAATAN', 'asnawi001', '12,11,10', 4, 75) ON CONFLICT (id) DO NOTHING;
INSERT INTO mapel (id, nama, guru_id, kelas_list, jumlah_opsi, kkm) VALUES ('MPL_1774681038018', 'AL-QUR''AN DAN HADIST', 'sarah001', '12,11,10,7,8,9', 4, 75) ON CONFLICT (id) DO NOTHING;
INSERT INTO mapel (id, nama, guru_id, kelas_list, jumlah_opsi, kkm) VALUES ('MPL_1775086940940', 'GEOGRAFI', 'santi001', '11,10', 4, 75) ON CONFLICT (id) DO NOTHING;
INSERT INTO mapel (id, nama, guru_id, kelas_list, jumlah_opsi, kkm) VALUES ('MPL_1775087107622', 'SEJARAH INDONESIA-2', 'santi001', '11,10', 4, 75) ON CONFLICT (id) DO NOTHING;
INSERT INTO mapel (id, nama, guru_id, kelas_list, jumlah_opsi, kkm) VALUES ('MPL_1775102066689', 'BAHASA ARAB', 'firah001', '12,11,10', 4, 75) ON CONFLICT (id) DO NOTHING;
INSERT INTO mapel (id, nama, guru_id, kelas_list, jumlah_opsi, kkm) VALUES ('MPL_1775771770709', 'KEALKHAIRAATAN - MTS', 'rahmi001', '7,8,9', 4, 75) ON CONFLICT (id) DO NOTHING;
INSERT INTO mapel (id, nama, guru_id, kelas_list, jumlah_opsi, kkm) VALUES ('MPL_1775771812944', 'BAHASA ARAB - MTS', 'asnawi001', '7,8,9', 4, 75) ON CONFLICT (id) DO NOTHING;
INSERT INTO mapel (id, nama, guru_id, kelas_list, jumlah_opsi, kkm) VALUES ('MPL_1775771846926', 'QAWAID - MTS', 'asnawi001', '7,8,9', 4, 75) ON CONFLICT (id) DO NOTHING;
INSERT INTO mapel (id, nama, guru_id, kelas_list, jumlah_opsi, kkm) VALUES ('MPL_1775771882838', 'MATEMATIKA - MTS', 'ika001', '7,8,9', 4, 75) ON CONFLICT (id) DO NOTHING;
INSERT INTO mapel (id, nama, guru_id, kelas_list, jumlah_opsi, kkm) VALUES ('MPL_1775771938561', 'IPA - MTS', 'hairul001', '7,8,9', 4, 75) ON CONFLICT (id) DO NOTHING;
INSERT INTO mapel (id, nama, guru_id, kelas_list, jumlah_opsi, kkm) VALUES ('MPL_1775772050644', 'PRAKARYA - MTS', 'yadi001', '7,8,9', 4, 75) ON CONFLICT (id) DO NOTHING;
INSERT INTO mapel (id, nama, guru_id, kelas_list, jumlah_opsi, kkm) VALUES ('MPL_1775772077386', 'SKI - MTS', 'hijrah001', '7,8,9', 4, 75) ON CONFLICT (id) DO NOTHING;
INSERT INTO mapel (id, nama, guru_id, kelas_list, jumlah_opsi, kkm) VALUES ('MPL_1775772261844', 'MAHFUDZAT - MTS', 'yanti001', '7,8,9', 4, 75) ON CONFLICT (id) DO NOTHING;
INSERT INTO mapel (id, nama, guru_id, kelas_list, jumlah_opsi, kkm) VALUES ('MPL_1775778650184', 'HADITS - MTS', 'rizal001', '7,8,9', 4, 75) ON CONFLICT (id) DO NOTHING;
INSERT INTO mapel (id, nama, guru_id, kelas_list, jumlah_opsi, kkm) VALUES ('MPL_1775778777168', 'AKIDAH AKHLAK - MTS', 'rohana001', '7,8,9', 4, 75) ON CONFLICT (id) DO NOTHING;
INSERT INTO mapel (id, nama, guru_id, kelas_list, jumlah_opsi, kkm) VALUES ('MPL_1775778884535', 'BAHASA INDONESIA - MTS', 'nurhaida001', '7,8,9', 4, 75) ON CONFLICT (id) DO NOTHING;
INSERT INTO mapel (id, nama, guru_id, kelas_list, jumlah_opsi, kkm) VALUES ('MPL_1775778919263', 'SENI BUDAYA & PRAKARYA - MTS', 'fadilah001', '7,8,9', 4, 75) ON CONFLICT (id) DO NOTHING;
INSERT INTO mapel (id, nama, guru_id, kelas_list, jumlah_opsi, kkm) VALUES ('MPL_1775778984275', 'IPS - MTS', 'santi001', '7,8,9', 4, 75) ON CONFLICT (id) DO NOTHING;
INSERT INTO mapel (id, nama, guru_id, kelas_list, jumlah_opsi, kkm) VALUES ('MPL_1776506437447', 'MAPEL UJI COBA', 'tesguru', '9,KELAS TESTER', 4, 75) ON CONFLICT (id) DO NOTHING;

-- KELAS_MAPEL
INSERT INTO kelas_mapel (id, kelas_id, nama_kelas, mapel_id, nama_mapel, status) VALUES ('KM_1774681138266', 'KLS_1774678349870', '12', 'MPL_1774677203314', 'BAHASA INDONESIA', 'BELUM') ON CONFLICT (id) DO NOTHING;
INSERT INTO kelas_mapel (id, kelas_id, nama_kelas, mapel_id, nama_mapel, status) VALUES ('KM_1774681138304', 'KLS_1774678349870', '12', 'MPL_1774680611983', 'GEOGRAFI', 'BELUM') ON CONFLICT (id) DO NOTHING;
INSERT INTO kelas_mapel (id, kelas_id, nama_kelas, mapel_id, nama_mapel, status) VALUES ('KM_1774681139089', 'KLS_1774678349870', '12', 'MPL_1774677158433', 'MATEMATIKA', 'BELUM') ON CONFLICT (id) DO NOTHING;
INSERT INTO kelas_mapel (id, kelas_id, nama_kelas, mapel_id, nama_mapel, status) VALUES ('KM_1774681140727', 'KLS_1774678349870', '12', 'MPL_1774677225631', 'EKONOMI', 'BELUM') ON CONFLICT (id) DO NOTHING;
INSERT INTO kelas_mapel (id, kelas_id, nama_kelas, mapel_id, nama_mapel, status) VALUES ('KM_1774681140824', 'KLS_1774678349870', '12', 'MPL_1774680873966', 'AKIDAH AKHLAK', 'BELUM') ON CONFLICT (id) DO NOTHING;
INSERT INTO kelas_mapel (id, kelas_id, nama_kelas, mapel_id, nama_mapel, status) VALUES ('KM_1774681141105', 'KLS_1774678349870', '12', 'MPL_1774680890794', 'BAHASA DAN SASTRA', 'BELUM') ON CONFLICT (id) DO NOTHING;
INSERT INTO kelas_mapel (id, kelas_id, nama_kelas, mapel_id, nama_mapel, status) VALUES ('KM_1774681141838', 'KLS_1774678349870', '12', 'MPL_1774680858007', 'QAWAID', 'BELUM') ON CONFLICT (id) DO NOTHING;
INSERT INTO kelas_mapel (id, kelas_id, nama_kelas, mapel_id, nama_mapel, status) VALUES ('KM_1774681155400', 'KLS_1774678349870', '12', 'MPL_1774677203314', 'BAHASA INDONESIA', 'BELUM') ON CONFLICT (id) DO NOTHING;
INSERT INTO kelas_mapel (id, kelas_id, nama_kelas, mapel_id, nama_mapel, status) VALUES ('KM_1774681155681', 'KLS_1774678349870', '12', 'MPL_1774680755679', 'BAHASA INDONESIA', 'BELUM') ON CONFLICT (id) DO NOTHING;
INSERT INTO kelas_mapel (id, kelas_id, nama_kelas, mapel_id, nama_mapel, status) VALUES ('KM_1774681155684', 'KLS_1774678349870', '12', 'MPL_1774680628383', 'SOSIOLOGI', 'BELUM') ON CONFLICT (id) DO NOTHING;
INSERT INTO kelas_mapel (id, kelas_id, nama_kelas, mapel_id, nama_mapel, status) VALUES ('KM_1774681155721', 'KLS_1774678349870', '12', 'MPL_1774681018373', 'KEALKHAIRAATAN', 'BELUM') ON CONFLICT (id) DO NOTHING;
INSERT INTO kelas_mapel (id, kelas_id, nama_kelas, mapel_id, nama_mapel, status) VALUES ('KM_1774681155517', 'KLS_1774678349870', '12', 'MPL_1774680831734', 'MAHFUDZAT', 'BELUM') ON CONFLICT (id) DO NOTHING;
INSERT INTO kelas_mapel (id, kelas_id, nama_kelas, mapel_id, nama_mapel, status) VALUES ('KM_1774681155967', 'KLS_1774678349870', '12', 'MPL_1774680662867', 'SEJARAH INDONESIA', 'BELUM') ON CONFLICT (id) DO NOTHING;
INSERT INTO kelas_mapel (id, kelas_id, nama_kelas, mapel_id, nama_mapel, status) VALUES ('KM_1774681155987', 'KLS_1774678349870', '12', 'MPL_1774680913577', 'SEJARAH KEBUDAYAAN ISLAM', 'BELUM') ON CONFLICT (id) DO NOTHING;
INSERT INTO kelas_mapel (id, kelas_id, nama_kelas, mapel_id, nama_mapel, status) VALUES ('KM_1774681156139', 'KLS_1774678349870', '12', 'MPL_1774680736534', 'ILMU TAFSIR', 'BELUM') ON CONFLICT (id) DO NOTHING;
INSERT INTO kelas_mapel (id, kelas_id, nama_kelas, mapel_id, nama_mapel, status) VALUES ('KM_1774681156738', 'KLS_1774678349870', '12', 'MPL_1774677098386', 'BIOLOGI', 'BELUM') ON CONFLICT (id) DO NOTHING;
INSERT INTO kelas_mapel (id, kelas_id, nama_kelas, mapel_id, nama_mapel, status) VALUES ('KM_1774681157544', 'KLS_1774678349870', '12', 'MPL_1774680817018', 'PJOK', 'BELUM') ON CONFLICT (id) DO NOTHING;
INSERT INTO kelas_mapel (id, kelas_id, nama_kelas, mapel_id, nama_mapel, status) VALUES ('KM_1774681157970', 'KLS_1774678349870', '12', 'MPL_1774681038018', 'AL-QUR''AN DAN HADIST', 'BELUM') ON CONFLICT (id) DO NOTHING;
INSERT INTO kelas_mapel (id, kelas_id, nama_kelas, mapel_id, nama_mapel, status) VALUES ('KM_1774681158324', 'KLS_1774678349870', '12', 'MPL_1774680773361', 'BAHASA INGGRIS', 'BELUM') ON CONFLICT (id) DO NOTHING;
INSERT INTO kelas_mapel (id, kelas_id, nama_kelas, mapel_id, nama_mapel, status) VALUES ('KM_1774681158630', 'KLS_1774678349870', '12', 'MPL_1774680955360', 'SENI BUDAYA', 'BELUM') ON CONFLICT (id) DO NOTHING;
INSERT INTO kelas_mapel (id, kelas_id, nama_kelas, mapel_id, nama_mapel, status) VALUES ('KM_1774681172068', 'KLS_1774678349870', '12', 'MPL_1774680933499', 'PRAKARYA DAN KEWIRAUSAHAAN', 'BELUM') ON CONFLICT (id) DO NOTHING;
INSERT INTO kelas_mapel (id, kelas_id, nama_kelas, mapel_id, nama_mapel, status) VALUES ('KM_1774681172308', 'KLS_1774678349870', '12', 'MPL_1774677178843', 'FIQIH', 'BELUM') ON CONFLICT (id) DO NOTHING;
INSERT INTO kelas_mapel (id, kelas_id, nama_kelas, mapel_id, nama_mapel, status) VALUES ('KM_1774681172433', 'KLS_1774678349870', '12', 'MPL_1774680678071', 'INFORMATIKA', 'BELUM') ON CONFLICT (id) DO NOTHING;
INSERT INTO kelas_mapel (id, kelas_id, nama_kelas, mapel_id, nama_mapel, status) VALUES ('KM_1774681185779', 'KLS_1774678349870', '12', 'MPL_1774680713700', 'FISIKA', 'BELUM') ON CONFLICT (id) DO NOTHING;
INSERT INTO kelas_mapel (id, kelas_id, nama_kelas, mapel_id, nama_mapel, status) VALUES ('KM_1774681185859', 'KLS_1774678349870', '12', 'MPL_1774681000828', 'PENDIDIKAN PANCASILA DAN KEWARGANEGARAAN', 'BELUM') ON CONFLICT (id) DO NOTHING;
INSERT INTO kelas_mapel (id, kelas_id, nama_kelas, mapel_id, nama_mapel, status) VALUES ('KM_1774681186420', 'KLS_1774678349870', '12', 'MPL_1774680696648', 'KIMIA', 'BELUM') ON CONFLICT (id) DO NOTHING;
INSERT INTO kelas_mapel (id, kelas_id, nama_kelas, mapel_id, nama_mapel, status) VALUES ('KM_1774681197619', 'KLS_1774678464385', '11', 'MPL_1774680955360', 'SENI BUDAYA', 'BELUM') ON CONFLICT (id) DO NOTHING;
INSERT INTO kelas_mapel (id, kelas_id, nama_kelas, mapel_id, nama_mapel, status) VALUES ('KM_1774681197692', 'KLS_1774678464385', '11', 'MPL_1774677203314', 'BAHASA INDONESIA', 'BELUM') ON CONFLICT (id) DO NOTHING;
INSERT INTO kelas_mapel (id, kelas_id, nama_kelas, mapel_id, nama_mapel, status) VALUES ('KM_1774681197951', 'KLS_1774678464385', '11', 'MPL_1774680773361', 'BAHASA INGGRIS', 'BELUM') ON CONFLICT (id) DO NOTHING;
INSERT INTO kelas_mapel (id, kelas_id, nama_kelas, mapel_id, nama_mapel, status) VALUES ('KM_1774681198036', 'KLS_1774678464385', '11', 'MPL_1774680662867', 'SEJARAH INDONESIA', 'BELUM') ON CONFLICT (id) DO NOTHING;
INSERT INTO kelas_mapel (id, kelas_id, nama_kelas, mapel_id, nama_mapel, status) VALUES ('KM_1774681199001', 'KLS_1774678464385', '11', 'MPL_1774680817018', 'PJOK', 'BELUM') ON CONFLICT (id) DO NOTHING;
INSERT INTO kelas_mapel (id, kelas_id, nama_kelas, mapel_id, nama_mapel, status) VALUES ('KM_1774681199141', 'KLS_1774678464385', '11', 'MPL_1774680696648', 'KIMIA', 'BELUM') ON CONFLICT (id) DO NOTHING;
INSERT INTO kelas_mapel (id, kelas_id, nama_kelas, mapel_id, nama_mapel, status) VALUES ('KM_1774681199406', 'KLS_1774678464385', '11', 'MPL_1774680736534', 'ILMU TAFSIR', 'BELUM') ON CONFLICT (id) DO NOTHING;
INSERT INTO kelas_mapel (id, kelas_id, nama_kelas, mapel_id, nama_mapel, status) VALUES ('KM_1774681200404', 'KLS_1774678464385', '11', 'MPL_1774680873966', 'AKIDAH AKHLAK', 'BELUM') ON CONFLICT (id) DO NOTHING;
INSERT INTO kelas_mapel (id, kelas_id, nama_kelas, mapel_id, nama_mapel, status) VALUES ('KM_1774681200810', 'KLS_1774678464385', '11', 'MPL_1774680831734', 'MAHFUDZAT', 'BELUM') ON CONFLICT (id) DO NOTHING;
INSERT INTO kelas_mapel (id, kelas_id, nama_kelas, mapel_id, nama_mapel, status) VALUES ('KM_1774681200978', 'KLS_1774678464385', '11', 'MPL_1774680933499', 'PRAKARYA DAN KEWIRAUSAHAAN', 'BELUM') ON CONFLICT (id) DO NOTHING;
INSERT INTO kelas_mapel (id, kelas_id, nama_kelas, mapel_id, nama_mapel, status) VALUES ('KM_1774681201541', 'KLS_1774678464385', '11', 'MPL_1774680713700', 'FISIKA', 'BELUM') ON CONFLICT (id) DO NOTHING;
INSERT INTO kelas_mapel (id, kelas_id, nama_kelas, mapel_id, nama_mapel, status) VALUES ('KM_1774681213793', 'KLS_1774678464385', '11', 'MPL_1774680628383', 'SOSIOLOGI', 'BELUM') ON CONFLICT (id) DO NOTHING;
INSERT INTO kelas_mapel (id, kelas_id, nama_kelas, mapel_id, nama_mapel, status) VALUES ('KM_1774681213789', 'KLS_1774678464385', '11', 'MPL_1774680890794', 'BAHASA DAN SASTRA', 'BELUM') ON CONFLICT (id) DO NOTHING;
INSERT INTO kelas_mapel (id, kelas_id, nama_kelas, mapel_id, nama_mapel, status) VALUES ('KM_1774681213935', 'KLS_1774678464385', '11', 'MPL_1774681038018', 'AL-QUR''AN DAN HADIST', 'BELUM') ON CONFLICT (id) DO NOTHING;
INSERT INTO kelas_mapel (id, kelas_id, nama_kelas, mapel_id, nama_mapel, status) VALUES ('KM_1774681213761', 'KLS_1774678464385', '11', 'MPL_1774680858007', 'QAWAID', 'BELUM') ON CONFLICT (id) DO NOTHING;
INSERT INTO kelas_mapel (id, kelas_id, nama_kelas, mapel_id, nama_mapel, status) VALUES ('KM_1774681213683', 'KLS_1774678464385', '11', 'MPL_1774680913577', 'SEJARAH KEBUDAYAAN ISLAM', 'BELUM') ON CONFLICT (id) DO NOTHING;
INSERT INTO kelas_mapel (id, kelas_id, nama_kelas, mapel_id, nama_mapel, status) VALUES ('KM_1774681215171', 'KLS_1774678464385', '11', 'MPL_1774677098386', 'BIOLOGI', 'BELUM') ON CONFLICT (id) DO NOTHING;
INSERT INTO kelas_mapel (id, kelas_id, nama_kelas, mapel_id, nama_mapel, status) VALUES ('KM_1774681215627', 'KLS_1774678464385', '11', 'MPL_1774681018373', 'KEALKHAIRAATAN', 'BELUM') ON CONFLICT (id) DO NOTHING;
INSERT INTO kelas_mapel (id, kelas_id, nama_kelas, mapel_id, nama_mapel, status) VALUES ('KM_1774681215632', 'KLS_1774678464385', '11', 'MPL_1774681000828', 'PENDIDIKAN PANCASILA DAN KEWARGANEGARAAN', 'BELUM') ON CONFLICT (id) DO NOTHING;
INSERT INTO kelas_mapel (id, kelas_id, nama_kelas, mapel_id, nama_mapel, status) VALUES ('KM_1774681215715', 'KLS_1774678464385', '11', 'MPL_1774677158433', 'MATEMATIKA', 'BELUM') ON CONFLICT (id) DO NOTHING;
INSERT INTO kelas_mapel (id, kelas_id, nama_kelas, mapel_id, nama_mapel, status) VALUES ('KM_1774681216548', 'KLS_1774678464385', '11', 'MPL_1774677225631', 'EKONOMI', 'BELUM') ON CONFLICT (id) DO NOTHING;
INSERT INTO kelas_mapel (id, kelas_id, nama_kelas, mapel_id, nama_mapel, status) VALUES ('KM_1774681229017', 'KLS_1774678464385', '11', 'MPL_1774680678071', 'INFORMATIKA', 'BELUM') ON CONFLICT (id) DO NOTHING;
INSERT INTO kelas_mapel (id, kelas_id, nama_kelas, mapel_id, nama_mapel, status) VALUES ('KM_1774681229076', 'KLS_1774678464385', '11', 'MPL_1774680611983', 'GEOGRAFI', 'BELUM') ON CONFLICT (id) DO NOTHING;
INSERT INTO kelas_mapel (id, kelas_id, nama_kelas, mapel_id, nama_mapel, status) VALUES ('KM_1774681229287', 'KLS_1774678464385', '11', 'MPL_1774677178843', 'FIQIH', 'BELUM') ON CONFLICT (id) DO NOTHING;
INSERT INTO kelas_mapel (id, kelas_id, nama_kelas, mapel_id, nama_mapel, status) VALUES ('KM_1774681229452', 'KLS_1774678464385', '11', 'MPL_1774680755679', 'BAHASA INDONESIA', 'BELUM') ON CONFLICT (id) DO NOTHING;
INSERT INTO kelas_mapel (id, kelas_id, nama_kelas, mapel_id, nama_mapel, status) VALUES ('KM_1774681240954', 'KLS_1774678931106', '10', 'MPL_1774680913577', 'SEJARAH KEBUDAYAAN ISLAM', 'BELUM') ON CONFLICT (id) DO NOTHING;
INSERT INTO kelas_mapel (id, kelas_id, nama_kelas, mapel_id, nama_mapel, status) VALUES ('KM_1774681241144', 'KLS_1774678931106', '10', 'MPL_1774680611983', 'GEOGRAFI', 'BELUM') ON CONFLICT (id) DO NOTHING;
INSERT INTO kelas_mapel (id, kelas_id, nama_kelas, mapel_id, nama_mapel, status) VALUES ('KM_1774681241125', 'KLS_1774678931106', '10', 'MPL_1774680713700', 'FISIKA', 'BELUM') ON CONFLICT (id) DO NOTHING;
INSERT INTO kelas_mapel (id, kelas_id, nama_kelas, mapel_id, nama_mapel, status) VALUES ('KM_1774681241284', 'KLS_1774678931106', '10', 'MPL_1774680890794', 'BAHASA DAN SASTRA', 'BELUM') ON CONFLICT (id) DO NOTHING;
INSERT INTO kelas_mapel (id, kelas_id, nama_kelas, mapel_id, nama_mapel, status) VALUES ('KM_1774681242266', 'KLS_1774678931106', '10', 'MPL_1774680831734', 'MAHFUDZAT', 'BELUM') ON CONFLICT (id) DO NOTHING;
INSERT INTO kelas_mapel (id, kelas_id, nama_kelas, mapel_id, nama_mapel, status) VALUES ('KM_1774681242559', 'KLS_1774678931106', '10', 'MPL_1774681038018', 'AL-QUR''AN DAN HADIST', 'BELUM') ON CONFLICT (id) DO NOTHING;
INSERT INTO kelas_mapel (id, kelas_id, nama_kelas, mapel_id, nama_mapel, status) VALUES ('KM_1774681243508', 'KLS_1774678931106', '10', 'MPL_1774680755679', 'BAHASA INDONESIA', 'BELUM') ON CONFLICT (id) DO NOTHING;
INSERT INTO kelas_mapel (id, kelas_id, nama_kelas, mapel_id, nama_mapel, status) VALUES ('KM_1774681244824', 'KLS_1774678931106', '10', 'MPL_1774677203314', 'BAHASA INDONESIA', 'BELUM') ON CONFLICT (id) DO NOTHING;
INSERT INTO kelas_mapel (id, kelas_id, nama_kelas, mapel_id, nama_mapel, status) VALUES ('KM_1774681256505', 'KLS_1774678931106', '10', 'MPL_1774680662867', 'SEJARAH INDONESIA', 'BELUM') ON CONFLICT (id) DO NOTHING;
INSERT INTO kelas_mapel (id, kelas_id, nama_kelas, mapel_id, nama_mapel, status) VALUES ('KM_1774681256585', 'KLS_1774678931106', '10', 'MPL_1774680955360', 'SENI BUDAYA', 'BELUM') ON CONFLICT (id) DO NOTHING;
INSERT INTO kelas_mapel (id, kelas_id, nama_kelas, mapel_id, nama_mapel, status) VALUES ('KM_1774681256722', 'KLS_1774678931106', '10', 'MPL_1774681000828', 'PENDIDIKAN PANCASILA DAN KEWARGANEGARAAN', 'BELUM') ON CONFLICT (id) DO NOTHING;
INSERT INTO kelas_mapel (id, kelas_id, nama_kelas, mapel_id, nama_mapel, status) VALUES ('KM_1774681257288', 'KLS_1774678931106', '10', 'MPL_1774677225631', 'EKONOMI', 'BELUM') ON CONFLICT (id) DO NOTHING;
INSERT INTO kelas_mapel (id, kelas_id, nama_kelas, mapel_id, nama_mapel, status) VALUES ('KM_1774681257495', 'KLS_1774678931106', '10', 'MPL_1774677178843', 'FIQIH', 'BELUM') ON CONFLICT (id) DO NOTHING;
INSERT INTO kelas_mapel (id, kelas_id, nama_kelas, mapel_id, nama_mapel, status) VALUES ('KM_1774681258568', 'KLS_1774678931106', '10', 'MPL_1774680933499', 'PRAKARYA DAN KEWIRAUSAHAAN', 'BELUM') ON CONFLICT (id) DO NOTHING;
INSERT INTO kelas_mapel (id, kelas_id, nama_kelas, mapel_id, nama_mapel, status) VALUES ('KM_1774681259367', 'KLS_1774678931106', '10', 'MPL_1774680873966', 'AKIDAH AKHLAK', 'BELUM') ON CONFLICT (id) DO NOTHING;
INSERT INTO kelas_mapel (id, kelas_id, nama_kelas, mapel_id, nama_mapel, status) VALUES ('KM_1774681259560', 'KLS_1774678931106', '10', 'MPL_1774680736534', 'ILMU TAFSIR', 'BELUM') ON CONFLICT (id) DO NOTHING;
INSERT INTO kelas_mapel (id, kelas_id, nama_kelas, mapel_id, nama_mapel, status) VALUES ('KM_1774681271834', 'KLS_1774678931106', '10', 'MPL_1774677158433', 'MATEMATIKA', 'BELUM') ON CONFLICT (id) DO NOTHING;
INSERT INTO kelas_mapel (id, kelas_id, nama_kelas, mapel_id, nama_mapel, status) VALUES ('KM_1774681271998', 'KLS_1774678931106', '10', 'MPL_1774677098386', 'BIOLOGI', 'BELUM') ON CONFLICT (id) DO NOTHING;
INSERT INTO kelas_mapel (id, kelas_id, nama_kelas, mapel_id, nama_mapel, status) VALUES ('KM_1774681272065', 'KLS_1774678931106', '10', 'MPL_1774680817018', 'PJOK', 'BELUM') ON CONFLICT (id) DO NOTHING;
INSERT INTO kelas_mapel (id, kelas_id, nama_kelas, mapel_id, nama_mapel, status) VALUES ('KM_1774681272153', 'KLS_1774678931106', '10', 'MPL_1774680773361', 'BAHASA INGGRIS', 'BELUM') ON CONFLICT (id) DO NOTHING;
INSERT INTO kelas_mapel (id, kelas_id, nama_kelas, mapel_id, nama_mapel, status) VALUES ('KM_1774681272314', 'KLS_1774678931106', '10', 'MPL_1774680696648', 'KIMIA', 'BELUM') ON CONFLICT (id) DO NOTHING;
INSERT INTO kelas_mapel (id, kelas_id, nama_kelas, mapel_id, nama_mapel, status) VALUES ('KM_1774681272461', 'KLS_1774678931106', '10', 'MPL_1774681018373', 'KEALKHAIRAATAN', 'BELUM') ON CONFLICT (id) DO NOTHING;
INSERT INTO kelas_mapel (id, kelas_id, nama_kelas, mapel_id, nama_mapel, status) VALUES ('KM_1774681273112', 'KLS_1774678931106', '10', 'MPL_1774680858007', 'QAWAID', 'BELUM') ON CONFLICT (id) DO NOTHING;
INSERT INTO kelas_mapel (id, kelas_id, nama_kelas, mapel_id, nama_mapel, status) VALUES ('KM_1774681284318', 'KLS_1774678931106', '10', 'MPL_1774680628383', 'SOSIOLOGI', 'BELUM') ON CONFLICT (id) DO NOTHING;
INSERT INTO kelas_mapel (id, kelas_id, nama_kelas, mapel_id, nama_mapel, status) VALUES ('KM_1774681285617', 'KLS_1774678931106', '10', 'MPL_1774680678071', 'INFORMATIKA', 'BELUM') ON CONFLICT (id) DO NOTHING;
INSERT INTO kelas_mapel (id, kelas_id, nama_kelas, mapel_id, nama_mapel, status) VALUES ('KM_1775087405529', 'KLS_1774678349870', '12', 'MPL_1775086940940', 'GEOGRAFI', 'BELUM') ON CONFLICT (id) DO NOTHING;
INSERT INTO kelas_mapel (id, kelas_id, nama_kelas, mapel_id, nama_mapel, status) VALUES ('KM_1775087406229', 'KLS_1774678349870', '12', 'MPL_1775087107622', 'SEJARAH INDONESIA', 'BELUM') ON CONFLICT (id) DO NOTHING;
INSERT INTO kelas_mapel (id, kelas_id, nama_kelas, mapel_id, nama_mapel, status) VALUES ('KM_1775102088394', 'KLS_1774678349870', '12', 'MPL_1775102066689', 'BAHASA ARAB', 'BELUM') ON CONFLICT (id) DO NOTHING;
